ITEM,,1.0,,,,Pre 1.0,,,
,,Credits,,Acclvl,Charlvl,Credits,,Acclvl,Charlvl
,,,,,,,,,
GEAR,,,,,,,,,
,.22 LR ,,50,2,,,150,2,
,9mm ,,100,4,,,150,4,
,.357 Magnum ,,200,11,,,150,11,
,.45 ACP ,,150,9,,,150,9,
,.308 WIN ,,250,12,,,300,12,
,5.56 NATO ,,250,13,,,300,13,
,6.8x51mm ,,350,15,,,300,15,
,12GA Shotgun Shells,,250,7,,,300,7,
,Barricade Stack (x5),,100,8,,,150,8,
,Flashlight Battery ,,50,5,,,150,5,
,Deployable Radio,,300,47,,,300,47,40
,Deployable Worklight ,,300,28,,,300,28,20
,Ranger Boots ,,300,38,,,300,38,40
,Nailer ,,300,33,,,300,33,20
,Adrenaline Shot ,,,,,,450,48,40
,Body Armor ,,,,,,450,55,50
,Satchel ,,"1,500",59,,,450,59,50
,Ammo Crate ,,,,,,"3,000",42,40
,Rescue Beacon,,"2,000",0,,,,,
,,,1,,,,,,
,,,,,,,,,
MEDICAL,,,,,,,,,
,Bandages,,150,6,,,150,6,
,Medkit ,,300,41,,,300,41,40
,Phalanx Pills,,400,31,,,450,31,20
,Revive Syringe,,"1,600",51,,,"1,200",51,50
,Mass Casualty Kit ,,,,,,"3,000",65,50
,Experimental Gene Therapy,,,,,,"3,000",69,50
,,,,,,,,,
THROWABLES,,,,,,,,,
,M67 Frag Grenade ,,300,0,,,15,,
,Proximity IED ,,400,19,,,300,19,
,Molotov Cocktail ,,200,24,,,450,24,20
,Pipe Bomb ,,450,57,,,150,57,50
,,,,,,,,,
MELEE,,,,,,,,,
,Small Pipe (Pre 1.0 Starter Item),,800,12,,,0,,
,Mallet (1.0 Starter Item),,0,0,,,400,3,
,Kitchen Knife,,100,0,,,300,3,
,Rebar,,400,22,,,400,22,20
,Shovel,,400,34,,,400,34,20
,Adjustable Wrench,,100,10,,,400,10,20
,Wood Baseball Bat,,800,37,,,800,37,40
,Cleaver,,800,26,,,800,26,20
,Hockey Stick,,400,36,,,800,36,40
,Tire Iron,,800,18,,,800,18,20
,Tree Trimmer,,800,39,,,800,39,40
,Large Wrench,,800,29,,,800,29,20
,Claw Hammer,,,,,,"1,200",45,40
,Crowbar,,,,,,"1,200",42,40
,Fire Axe,,,,,,"1,200",71,50
,Hatchet,,,,,,"1,200",44,40
,Machete,,,,,,"1,200",61,50
,Long Pipe,,800,32,,,"1,200",32,20
,Sledgehammer,,,,,,"1,200",67,50
,,,,,,,,,
FIREARMS,,,,,,,,,
,Model 13 (Pre 1.0 Starter Item),,"2,000",3,,,0,,
,Gruber MKVII (1.0 Starter Item),,0,0,,,"1,200",17,
,Gruber 922,,"1,800",0,,,"1,200",23,10
,Gruber Ranch,,"2,000",25,,,"1,200",27,20
,Hunter 85,,"1,000",10,,,"1,200",21,10
,Fierra DB12,,600,3,,,"1,200",20,10
,590A1,,,,,,"2,500",36,20
,M1911A1,,"2,000",20,,,"2,500",14,10
,M9A3,,"1,500",15,,,"2,500",25,20
,M14 Battle Rifle,,,,,,"2,500",40,40
,Rochester 1873,,"2,500",22,,,"2,500",30,20
,M7A1,,,,,,"2,500",75,30
,MC-15,,,,,,"2,500",53,30
,X12 Super,,,,,,"2,500",63,30
,MP5A4,,,,,,"2,500",49,40
,,,,,,,,,
,,,,,,,,,
,,,,,,,,,
COSMETICS,,,,,,,,,
HEAD,,,,,,TOTALS,,,
,"Bandana I
(Starter Item)",,0,,,,"125,000",Head,
,,,0,,,,67,,
,Bandana II,,"2,000",,,,"110,000",Facewear,
,,,1,,,,55,,
,Bandana III,,"2,000",,,,"88,000",Torso,
,,,1,,,,44,,
,Bandana IV,,"2,000",,,,"98,000",Gloves,
,,,1,,,,49,,
,"CRC Cap I
(Starter Item) ",,0,,,,"58,000",Legs,
,,,0,,,,29,,
,CRC Cap II,,"2,000",,,,"18,000",Footwear,
,,,1,,,,9,,
,Backwards CRC Cap I,,"2,000",,,,"497,000",TOTAL,
,,,1,,,,253,,
,Backwards CRC Cap II,,"2,000",,,,,,
,,,1,,,,,,
,Backwards CRC Cap III,,"2,000",,,,"74,400",Patterns,
,,,1,,,,93,,
,Baseball Cap I,,"2,000",3,,,"48,000",Logos,
,,,1,,,,60,,
,Baseball Cap II,,"2,000",,,,"122,400",TOTAL,
,,,1,,,,153,,
,Baseball Cap III,,"2,000",,,,,,
,,,1,,,,,,
,Stetson I,,"6,000",26,,,"619,400",ALL COSMETICS,
,,,3,,,,406,,
,Stetson II,,"2,000",,,,,,
,,,1,,,,,,
,Toque I,,"6,000",24,,,,,
,,,3,,,,,,
,Toque II,,"2,000",,,,,,
,,,1,,,,,,
,Toque III,,"2,000",,,,,,
,,,1,,,,,,
,Utility Hat I,,"6,000",26,,,,,
,,,3,,,,,,
,Utility Hat II,,"2,000",,,,,,
,,,1,,,,,,
,Newsboy Cap I,,"6,000",28,,,,,
,,,3,,,,,,
,Newsboy Cap II,,"2,000",,,,,,
,,,1,,,,,,
,Newsboy Cap III,,"2,000",,,,,,
,,,1,,,,,,
,Trapper Hat I,,"10,000",32,,,,,
,,,5,,,,,,
,Trapper Hat II,,"4,000",,,,,,
,,,2,,,,,,
,Trapper Hat III,,"4,000",,,,,,
,,,2,,,,,,
,Backwards Baseball Cap I,,"2,000",35,,,,,
,,,1,,,,,,
,Backwards Baseball Cap II,,"2,000",,,,,,
,,,1,,,,,,
,Backwards Baseball Cap III,,"2,000",,,,,,
,,,1,,,,,,
,Headphones I,,"10,000",37,,,,,
,,,5,,,,,,
,Headphones II,,"4,000",,,,,,
,,,2,,,,,,
,Boonie Hat I,,"2,000",38,,,,,
,,,1,,,,,,
,Boonie Hat II,,"2,000",,,,,,
,,,1,,,,,,
,High Beanie I,,"10,000",48,,,,,
,,,5,,,,,,
,High Beanie II,,"4,000",,,,,,
,,,2,,,,,,
,High Beanie III,,"4,000",,,,,,
,,,2,,,,,,
,Beanie I,,"1,000",61,,,,,
,,,5,,,,,,
,Beanie II,,"4,000",,,,,,
,,,2,,,,,,
,Beanie III,,"4,000",,,,,,
,,,2,,,,,,
,First Responder Hat I,,0,"'First Responder'
DLC",,,,,
,,,0,,,,,,
,First Responder Hat II,,0,"'First Responder'
DLC",,,,,
,,,0,,,,,,
,First Responder Hat III,,0,"'First Responder'
DLC",,,,,
,,,0,,,,,,
,First Responder Hat IV,,0,"'First Responder'
DLC",,,,,
,,,0,,,,,,
,Punk Hat I,,0,"'Punk is Life'
DLC",,,,,
,,,0,,,,,,
,Punk Hat II,,0,"'Punk is Life'
DLC",,,,,
,,,0,,,,,,
,Surplus Officer (Hat) I,,0,"'Surplus Officer'
DLC",,,,,
,,,0,,,,,,
,Surplus Officer (Hat) II,,0,"'Surplus Officer'
DLC",,,,,
,,,0,,,,,,
,Surplus Officer (Hat) III,,0,"'Surplus Officer'
DLC",,,,,
,,,0,,,,,,
,Veteran Survivor Hat I,,0,"'Veteran Survivor'
DLC",,,,,
,,,0,,,,,,
,Veteran Survivor Hat II,,0,"'Veteran Survivor'
DLC",,,,,
,,,0,,,,,,
,Veteran Survivor Hat III,,0,"'Veteran Survivor'
DLC",,,,,
,,,0,,,,,,
FACEWEAR,,,,,,,,,
,Battered Ballistic Mask I,,0,"EA
Reward",,,,,
,,,0,,,,,,
,Battered Ballistic Mask II,,0,,,,,,
,,,0,,,,,,
,Safety Glasses I,,"8,000",10,,,,,
,,,4,,,,,,
,Sunglasses I,,"8,000",19,,,,,
,,,4,,,,,,
,Sunglasses II,,"2,000",,,,,,
,,,1,,,,,,
,Round Shades I,,"8,000",20,,,,,
,,,4,,,,,,
,Round Shades II,,"2,000",,,,,,
,,,1,,,,,,
,Plastic Face Mask I,,"12,000",43,,,,,
,,,6,,,,,,
,Plastic Face Mask II,,"4,000",,,,,,
,,,2,,,,,,
,Ballistic Mask I,,"18,000",58,,,,,
,,,9,,,,,,
,Ballistic Mask II,,"4,000",,,,,,
,,,2,,,,,,
,Paintball Mask I,,"18,000",79,,,,,
,,,9,,,,,,
,Paintball Mask I,,"4,000",,,,,,
,,,2,,,,,,
,Skull Mask I,,"18,000",83,,,,,
,,,9,,,,,,
,Skull Mask II,,"4,000",,,,,,
,,,2,,,,,,
,Eye Patch I,,0,"'Veteran Survivor'
DLC",,,,,
,,,0,,,,,,
,Eye Patch II,,0,"'Veteran Survivor'
DLC",,,,,
,,,0,,,,,,
TORSO,,,,,,,,,
,"Denim Jacket I
(Starter Item)",,0,,,,,,
,,,0,,,,,,
,Denim Jacket II,,"2,000",,,,,,
,,,1,,,,,,
,Denim Jacket III,,"2,000",,,,,,
,,,1,,,,,,
,"Long Sleeve Shirt I
(Starter Item)",,0,,,,,,
,,,0,,,,,,
,Long Sleeve Shirt II,,"2,000",,,,,,
,,,1,,,,,,
,Long Sleeve Shirt III,,"2,000",,,,,,
,,,1,,,,,,
,"Polo Shirt I
(Starter Item)",,0,,,,,,
,,,0,,,,,,
,Polo Shirt II,,"2,000",,,,,,
,,,1,,,,,,
,Polo Shirt III,,"2,000",,,,,,
,,,1,,,,,,
,Tank Top I,,"2,000",18,,,,,
,,,1,,,,,,
,Tank Top II,,"2,000",,,,,,
,,,1,,,,,,
,Tank Top III,,"2,000",,,,,,
,,,1,,,,,,
,Motorcycle Jacket I,,"6,000",33,,,,,
,,,3,,,,,,
,Motorcycle Jacket II,,"2,000",,,,,,
,,,1,,,,,,
,Sweatshirt I,,"2,000",39,,,,,
,,,1,,,,,,
,Sweatshirt II,,"2,000",,,,,,
,,,1,,,,,,
,Sweatshirt III,,"2,000",,,,,,
,,,1,,,,,,
,Baseball Shirt I,,"6,000",50,,,,,
,,,3,,,,,,
,Baseball Shirt II,,"2,000",,,,,,
,,,1,,,,,,
,Baseball Shirt III,,"2,000",,,,,,
,,,1,,,,,,
,Field Coat I,,"6,000",64,,,,,
,,,3,,,,,,
,Field Coat II,,"2,000",,,,,,
,,,1,,,,,,
,Hoodie I,,"6,000",69,,,,,
,,,3,,,,,,
,Hoodie II,,"2,000",,,,,,
,,,1,,,,,,
,Hoodie III,,"2,000",,,,,,
,,,1,,,,,,
,Ripstop Field Shirt I,,"10,000",89,,,,,
,,,5,,,,,,
,Ripstop Field Shirt II,,"4,000",,,,,,
,,,2,,,,,,
,Ripstop Field Shirt III,,"4,000",,,,,,
,,,2,,,,,,
,Hooded Vest I,,"10,000",93,,,,,
,,,5,,,,,,
,First Responder Shirt I,,0,"'First Responder'
DLC",,,,,
,,,0,,,,,,
,First Responder Shirt II,,0,"'First Responder'
DLC",,,,,
,,,0,,,,,,
,First Responder Shirt III,,0,"'First Responder'
DLC",,,,,
,,,0,,,,,,
,First Responder Shirt IV,,0,"'First Responder'
DLC",,,,,
,,,0,,,,,,
,First Responder Shirt V,,0,"'First Responder'
DLC",,,,,
,,,0,,,,,,
,Punk Shirt I,,0,"'Punk is Life'
DLC",,,,,
,,,0,,,,,,
,Punk Shirt II,,0,"'Punk is Life'
DLC",,,,,
,,,0,,,,,,
,Punk Shirt III,,0,"'Punk is Life'
DLC",,,,,
,,,0,,,,,,
,Punk Shirt IV,,0,"'Punk is Life'
DLC",,,,,
,,,0,,,,,,
,Punk Shirt V,,0,"'Punk is Life'
DLC",,,,,
,,,0,,,,,,
,Surplus Officer Shirt I,,0,"'Surplus Officer'
DLC",,,,,
,,,0,,,,,,
,Surplus Officer Shirt  II,,0,"'Surplus Officer'
DLC",,,,,
,,,0,,,,,,
,Surplus Officer Shirt  III,,0,"'Surplus Officer'
DLC",,,,,
,,,0,,,,,,
,Veteran Survivor Shirt I,,0,"'Veteran Survivor'
DLC",,,,,
,,,0,,,,,,
,Veteran Survivor Shirt II,,0,"'Veteran Survivor'
DLC",,,,,
,,,0,,,,,,
,Veteran Survivor Shirt III,,0,"'Veteran Survivor'
DLC",,,,,
,,,0,,,,,,
GLOVES,,,,,,,,,
,"Standard Issue Gloves I
(Starter Item)",,0,,,,,,
,,,0,,,,,,
,Standard Issue Gloves II,,"2,000",,,,,,
,,,1,,,,,,
,Battered Winter Gloves I,,0,"EA 
Reward",,,,,
,,,0,,,,,,
,Battered Winter Gloves II,,0,,,,,,
,,,0,,,,,,
,Latex Gloves I,,"8,000",16,,,,,
,,,4,,,,,,
,Armour Gloves I,,"12,000",36,,,,,
,,,6,,,,,,
,Armour Gloves II,,"4,000",,,,,,
,,,2,,,,,,
,Thin Winter Gloves I,,"8,000",45,,,,,
,,,4,,,,,,
,Thin Winter Gloves II,,"4,000",,,,,,
,,,2,,,,,,
,Stud Gloves I,,"18,000",54,,,,,
,,,9,,,,,,
,Stud Gloves II,,"4,000",,,,,,
,,,2,,,,,,
,Motocross Gloves I,,"18,000",60,,,,,
,,,9,,,,,,
,Motocross Gloves II,,"4,000",,,,,,
,,,2,,,,,,
,Leather Gloves I,,"12,000",66,,,,,
,,,6,,,,,,
,Leather Gloves II,,"4,000",,,,,,
,,,2,,,,,,
,Founder Gloves I,,0,"'Veteran Survivor'
DLC",,,,,
,,,0,,,,,,
,Founder Gloves II,,0,"'Veteran Survivor'
DLC",,,,,
,,,0,,,,,,
LEGS,,,,,,,,,
,"Light Utility Pants I
(Starter Item)",,0,,,,,,
,,,0,,,,,,
,Light Utility Pants II,,"2,000",,,,,,
,,,1,,,,,,
,"Cargo Shorts I
(Starter Item)",,0,,,,,,
,,,0,,,,,,
,Cargo Shorts II,,"2,000",,,,,,
,,,1,,,,,,
,Formal Pants I,,"2,000",42,,,,,
,,,1,,,,,,
,Formal Pants II,,"2,000",,,,,,
,,,1,,,,,,
,Cargo Jeans I,,"10,000",55,,,,,
,,,5,,,,,,
,Cargo Jeans II,,"4,000",,,,,,
,,,2,,,,,,
,Cargo Jeans III,,"4,000",,,,,,
,,,2,,,,,,
,Slim Jeans I,,"6,000",62,,,,,
,,,3,,,,,,
,Slim Jeans II,,"2,000",,,,,,
,,,1,,,,,,
,Workwear Trousers I,,"10,000",72,,,,,
,,,5,,,,,,
,Workwear Trousers II,,"2,000",,,,,,
,,,1,,,,,,
,Workwear Trousers III,,"2,000",,,,,,
,,,1,,,,,,
,Tactical Pants I,,"6,000",86,,,,,
,,,3,,,,,,
,Tactical Pants II,,"2,000",,,,,,
,,,1,,,,,,
,Tactical Pants III,,"2,000",,,,,,
,,,1,,,,,,
,First Responder Pants I,,0,"'First Responder'
DLC",,,,,
,,,0,,,,,,
,First Responder Pants II,,0,"'First Responder'
DLC",,,,,
,,,0,,,,,,
,Punk Pants I,,0,"'Punk is Life'
DLC",,,,,
,,,0,,,,,,
,Punk Pants II,,0,"'Punk is Life'
DLC",,,,,
,,,0,,,,,,
,Surplus Officer Pants I,,0,"'Surplus Officer'
DLC",,,,,
,,,0,,,,,,
,Surplus Officer Pants II,,0,"'Surplus Officer'
DLC",,,,,
,,,0,,,,,,
,Surplus Officer Pants III,,"4,000","'Surplus Officer'
DLC",,,,,
,,,2,,,,,,
,Veteran Survivor Pants I,,0,"'Veteran Survivor'
DLC",,,,,
,,,0,,,,,,
,Veteran Survivor Pants II,,0,"'Veteran Survivor'
DLC",,,,,
,,,0,,,,,,
FOOTWEAR,,,,,,,,,
,"Standard Issue Boots I
(Starter Item)",,0,,,,,,
,,,0,,,,,,
,Standard Issue Boots II,,"2,000",,,,,,
,,,1,,,,,,
,Standard Issue Boots III,,"2,000",,,,,,
,,,1,,,,,,
,Biker Boots I,,"4,000",59,,,,,
,,,2,,,,,,
,Biker Boots II,,"2,000",,,,,,
,,,1,,,,,,
,Combat Boots I,,"6,000",67,,,,,
,,,3,,,,,,
,Combat Boots II,,"2,000",,,,,,
,,,1,,,,,,
,First Responder Boots I,,0,"'First Responder'
DLC",,,,,
,,,0,,,,,,
,First Responder Boots II,,0,"'First Responder'
DLC",,,,,
,,,0,,,,,,
,First Responder Boots III,,0,"'First Responder'
DLC",,,,,
,,,0,,,,,,
,First Responder Boots IV,,0,"'First Responder'
DLC",,,,,
,,,0,,,,,,
,Punk Boots I,,0,"'Punk is Life'
DLC",,,,,
,,,0,,,,,,
,Punk Boots II,,0,"'Punk is Life'
DLC",,,,,
,,,0,,,,,,
,Surplus Officer Boots I,,0,"'Surplus Officer'
DLC",,,,,
,,,0,,,,,,
,Surplus Officer Boots II,,0,"'Surplus Officer'
DLC",,,,,
,,,0,,,,,,
,Veteran Survivor Boots I,,0,"'Veteran Survivor'
DLC",,,,,
,,,0,,,,,,
,Veteran Survivor Boots II,,0,"'Veteran Survivor'
DLC",,,,,
,,,0,,,,,,
COMPASS,,,,,,,,,
,"Standard Issue Compass
(Starter Item)",,0,,,,,,
,,,0,,,,,,
,First Responder Compass,,0,"'First Responder'
DLC",,,,,
,,,0,,,,,,
,Punk Compass,,0,"'Punk is Life'
DLC",,,,,
,,,0,,,,,,
,Surplus Officer Compass,,0,"'Surplus Officer'
DLC",,,,,
,,,0,,,,,,
,Veteran Survivor Compass,,0,"'Veteran Survivor'
DLC",,,,,
,,,0,,,,,,
FLASHLIGHT,,,,,,,,,
,"Standard Issue Flashlight
(Starter Item)",,0,,,,,,
,,,0,,,,,,
,First Responder Flashlight,,0,"'First Responder'
DLC",,,,,
,,,0,,,,,,
,Punk Flashlight,,0,"'Punk is Life'
DLC",,,,,
,,,0,,,,,,
,Surplus Officer Flashlight,,0,"'Surplus Officer'
DLC",,,,,
,,,0,,,,,,
,Veteran Survivor Flashlight,,0,"'Veteran Survivor'
DLC",,,,,
,,,0,,,,,,
PATTERNS,,,,,,,,,
,Early Access Account lvl 10,,0,"EA
Reward",,,,,
,,,0,,,,,,
,Early Access Account lvl 30,,0,"EA
Reward",,,,,
,,,0,,,,,,
,Early Access Nightmare lvl 10,,0,"EA
Reward",,,,,
,,,0,,,,,,
,Early Access Nightmare lvl 100,,0,"EA
Reward",,,,,
,,,0,,,,,,
,Buffalo,,"2,400",,,,,,
,,,3,,,,,,
,Pinstripe,,"2,400",,,,,,
,,,3,,,,,,
,Stained,,"2,400",,,,,,
,,,3,,,,,,
,Weave,,"2,400",,,,,,
,,,3,,,,,,
,Tartan,,"2,400",7,,,,,
,,,3,,,,,,
,Squiggle,,"2,400",9,,,,,
,,,3,,,,,,
,Love Struck,,"2,400",13,,,,,
,,,3,,,,,,
,Box,,"2,400",17,,,,,
,,,3,,,,,,
,Ash,,"2,400",27,,,,,
,,,3,,,,,,
,Crisscross,,"2,400",40,,,,,
,,,3,,,,,,
,Snake,,"2,400",44,,,,,
,,,3,,,,,,
,Bamboo,,"2,400",47,,,,,
,,,3,,,,,,
,Tropical,,"2,400",49,,,,,
,,,3,,,,,,
,Stripes,,"2,400",51,,,,,
,,,3,,,,,,
,Plaid,,"2,400",52,,,,,
,,,3,,,,,,
,Splinter,,"2,400",53,,,,,
,,,3,,,,,,
,Mosaic,,"2,400",65,,,,,
,,,3,,,,,,
,Polkadot,,"2,400",70,,,,,
,,,3,,,,,,
,Blossom,,"2,400",75,,,,,
,,,3,,,,,,
,Herringbone,,"2,400",77,,,,,
,,,3,,,,,,
,Dazzle,,"2,400",78,,,,,
,,,3,,,,,,
,Pointer,,"2,400",80,,,,,
,,,3,,,,,,
,Apples,,"2,400",81,,,,,
,,,3,,,,,,
,Node,,"2,400",82,,,,,
,,,3,,,,,,
,Kamon,,"2,400",84,,,,,
,,,3,,,,,,
,Lattice,,"2,400",85,,,,,
,,,3,,,,,,
,Skull,,"2,400",87,,,,,
,,,3,,,,,,
,Woodland,,"2,400",88,,,,,
,,,3,,,,,,
,Ornate,,"2,400",92,,,,,
,,,3,,,,,,
,UCP,,"2,400",94,,,,,
,,,3,,,,,,
,Fleur,,"2,400",97,,,,,
,,,3,,,,,,
,Camo,,,"'Veteran Survivor'
DLC",,,,,
,,,,,,,,,
LOGOS,,,,,,,,,
,"NMRIH2 01
(Starter Item)",,0,,,,,,
,,,0,,,,,,
,"NMRIH2 02
(Starter Item)",,0,,,,,,
,,,0,,,,,,
,Bro Bot,,"2,400",,,,,,
,,,3,,,,,,
,CRC,,"2,400",,,,,,
,,,3,,,,,,
,HERA,,"2,400",,,,,,
,,,3,,,,,,
,Cobra,,"2,400",,,,,,
,,,3,,,,,,
,NMRIH2 03,,"2,400",,,,,,
,,,3,,,,,,
,KPOP,,"2,400",,,,,,
,,,3,,,,,,
,Llama Drama,,"2,400",,,,,,
,,,3,,,,,,
,Cheez Rizz,,"2,400",,,,,,
,,,3,,,,,,
,Coaly Smokes,,"2,400",,,,,,
,,,3,,,,,,
,Skull,,"2,400",,,,,,
,,,3,,,,,,
,Community Center,,"2,400",21,,,,,
,,,3,,,,,,
,NMRIH2 x CHIV2,,"2,400",22,,,,,
,,,3,,,,,,
,Total Regional Collapse,,"2,400",29,,,,,
,,,3,,,,,,
,Zombie Head,,"2,400",29,,,,,
,,,3,,,,,,
,Happy Accidents,,"2,400",41,,,,,
,,,3,,,,,,
,Coral,,"2,400",46,,,,,
,,,3,,,,,,
,Kitten Mittens,,"2,400",56,,,,,
,,,3,,,,,,
,Oh No Draculas,,"2,400",63,,,,,
,,,3,,,,,,
,Skull Horn,,"2,400",71,,,,,
,,,3,,,,,,
,Zombie Melon,,"2,400",91,,,,,
,,,3,,,,,,
,Medic DLC,,,,,,,,
,,,,,,,,,
,Police DLC,,,,,,,,
,,,,,,,,,
,Punk DLC,,,,,,,,
,,,,,,,,,
,Economy Reset,,,,,,,,
,,,,,,,,,
,Early Access Account Level 10,,,,,,,,
,,,,,,,,,
,Early Access Account Level 20,,,,,,,,
,,,,,,,,,
,Early Access Account Level 30,,,,,,,,
,,,,,,,,,
,Early Access Account Level 40,,,,,,,,
,,,,,,,,,
,Early Access Account Level 50,,,,,,,,
,,,,,,,,,
,Early Access Account Level 60,,,,,,,,
,,,,,,,,,
,Early Access Account Level 70,,,,,,,,
,,,,,,,,,
,Early Access Account Level 80,,,,,,,,
,,,,,,,,,
,Early Access Account Level 90,,,,,,,,
,,,,,,,,,
,Early Access Account Level 100,,,,,,,,
,,,,,,,,,
,Early Access Nightmare Level 1,,,,,,,,
,,,,,,,,,
,Early Access Nightmare Level 10,,,,,,,,
,,,,,,,,,
,Early Access Nightmare Level 25,,,,,,,,
,,,,,,,,,
,Early Access Nightmare Level 50,,,,,,,,
,,,,,,,,,
,Early Access Nightmare Level 100,,,,,,,,
,,,,,,,,,
,Early Access Nightmare Level 200,,,,,,,,
,,,,,,,,,
,Early Access Nightmare Level 300,,,,,,,,
,,,,,,,,,
,Early Access Nightmare Level 400,,,,,,,,
,,,,,,,,,
,Early Access Nightmare Level 500,,,,,,,,
,,,,,,,,,
,Early Access Nightmare Level 600,,,,,,,,
,,,,,,,,,
,Early Access Nightmare Level 700,,,,,,,,
,,,,,,,,,
,Early Access Nightmare Level 800,,,,,,,,
,,,,,,,,,
,Early Access Nightmare Level 900,,,,,,,,
,,,,,,,,,
,Early Access Nightmare Level 1000,,,,,,,,
,,,,,,,,,
,Early Access Nightmare Level 1500,,,,,,,,
,,,,,,,,,
,Early Access Nightmare Level 2000,,,,,,,,
,,,,,,,,,
,Early Access Nightmare Level 2500,,,,,,,,