If anyone in the community ever has any recommendations on layout improvements or ways to further condense the available information just toss me a message.,,,,,,,,,,,
,,,,,,,,,,,
,,,,,,,,,,,
,,,,,,,Perks,,Guns,,Powerplant Objectives
,,,,,,,Professions,Updated,Melee,,Powerplant Critical Supply
,,,,,,,Exp & Difficulty,,Passive Items,,
,,,,,,,Zombies,,Other,,Pottsville Objectives
,,,,,,,Tips,,Early Extracts,,Pottsville Critical Supply
,,,,,,,Misc,,Changelogs,,
,,,,,,,Audio,,,,Lewiston Objectives
,,,,,,,Infection,New,Lore Compendium,,Lewiston Critical Supply
,,,,,,,OST Playlist,,,by @Braks,Broadway Objectives
,,,,,,,Radio Songs Playlist,,,,Broadway Critical Supply
,,,,,,,,,,,
,,,,,,Created by:,@SchwarzFenrir,,,Steam Guide Version HERE,
,,,,,,,,,,,
,,,,,,Credit:,Zeyev - Doc/Steam Formatting,,Critical Supply Hunters,,
,,,,,,,SupremeSecretMan - Professions,,,Braks,
,,,,,,,可萝贝 - Exp Table,,,TS,
,,,,,,,Braks - Photographer/Misc,,,quavert9111,Unlisted changes in Patch Changelogs
,,,,,,,,,,sELenEzI,Game version 1.0.4.0 -Aug 25th '26
,,,,,,,,,,,
,,,,,,,,,,"Best Viewed on PC, Not formatted for Mobile",