/mnt/d/SteamLibrary/steamapps/common/nmrih2/ENGINE_INI_OPTIMIZATION_REFERENCE.md	5277
/mnt/d/SteamLibrary/steamapps/common/nmrih2/EasyAntiCheat/800x450_SplashScreen.png	969613
/mnt/d/SteamLibrary/steamapps/common/nmrih2/EasyAntiCheat/Certificates/base.bin	308805
/mnt/d/SteamLibrary/steamapps/common/nmrih2/EasyAntiCheat/Certificates/base.cer	1165
/mnt/d/SteamLibrary/steamapps/common/nmrih2/EasyAntiCheat/Certificates/runtime.conf	1108
/mnt/d/SteamLibrary/steamapps/common/nmrih2/EasyAntiCheat/EasyAntiCheat_EOS_Setup.exe	959216
/mnt/d/SteamLibrary/steamapps/common/nmrih2/EasyAntiCheat/Licenses/Apache-2.0.txt	11560
/mnt/d/SteamLibrary/steamapps/common/nmrih2/EasyAntiCheat/Licenses/Licenses.txt	9808
/mnt/d/SteamLibrary/steamapps/common/nmrih2/EasyAntiCheat/Licenses/MIT.txt	1093
/mnt/d/SteamLibrary/steamapps/common/nmrih2/EasyAntiCheat/Localization/ar_sa.cfg	11031
/mnt/d/SteamLibrary/steamapps/common/nmrih2/EasyAntiCheat/Localization/cs_cz.cfg	9330
/mnt/d/SteamLibrary/steamapps/common/nmrih2/EasyAntiCheat/Localization/de_de.cfg	9540
/mnt/d/SteamLibrary/steamapps/common/nmrih2/EasyAntiCheat/Localization/en_us.cfg	8499
/mnt/d/SteamLibrary/steamapps/common/nmrih2/EasyAntiCheat/Localization/es_ar.cfg	9584
/mnt/d/SteamLibrary/steamapps/common/nmrih2/EasyAntiCheat/Localization/es_es.cfg	9800
/mnt/d/SteamLibrary/steamapps/common/nmrih2/EasyAntiCheat/Localization/fr_fr.cfg	9547
/mnt/d/SteamLibrary/steamapps/common/nmrih2/EasyAntiCheat/Localization/id_id.cfg	8807
/mnt/d/SteamLibrary/steamapps/common/nmrih2/EasyAntiCheat/Localization/it_it.cfg	9120
/mnt/d/SteamLibrary/steamapps/common/nmrih2/EasyAntiCheat/Localization/ja_ja.cfg	11333
/mnt/d/SteamLibrary/steamapps/common/nmrih2/EasyAntiCheat/Localization/ko_kr.cfg	9990
/mnt/d/SteamLibrary/steamapps/common/nmrih2/EasyAntiCheat/Localization/nl_nl.cfg	9103
/mnt/d/SteamLibrary/steamapps/common/nmrih2/EasyAntiCheat/Localization/pl_pl.cfg	9523
/mnt/d/SteamLibrary/steamapps/common/nmrih2/EasyAntiCheat/Localization/pt_br.cfg	9383
/mnt/d/SteamLibrary/steamapps/common/nmrih2/EasyAntiCheat/Localization/ru_ru.cfg	12683
/mnt/d/SteamLibrary/steamapps/common/nmrih2/EasyAntiCheat/Localization/th_th.cfg	15727
/mnt/d/SteamLibrary/steamapps/common/nmrih2/EasyAntiCheat/Localization/tr_tr.cfg	9076
/mnt/d/SteamLibrary/steamapps/common/nmrih2/EasyAntiCheat/Localization/vi_vn.cfg	10575
/mnt/d/SteamLibrary/steamapps/common/nmrih2/EasyAntiCheat/Localization/zh_cn.cfg	8277
/mnt/d/SteamLibrary/steamapps/common/nmrih2/EasyAntiCheat/Localization/zh_tw.cfg	8243
/mnt/d/SteamLibrary/steamapps/common/nmrih2/EasyAntiCheat/Settings.json	460
/mnt/d/SteamLibrary/steamapps/common/nmrih2/EasyAntiCheat/Settings_STAGE.json	460
/mnt/d/SteamLibrary/steamapps/common/nmrih2/Engine/Binaries/Win64/CrashReportClient.exe	27875328
/mnt/d/SteamLibrary/steamapps/common/nmrih2/Engine/Binaries/Win64/EOSSDK-Win64-Shipping.dll	19256272
/mnt/d/SteamLibrary/steamapps/common/nmrih2/Engine/Binaries/Win64/EpicWebHelper.exe	4088320
/mnt/d/SteamLibrary/steamapps/common/nmrih2/Engine/Binaries/Win64/tbb12.dll	321024
/mnt/d/SteamLibrary/steamapps/common/nmrih2/Engine/Binaries/Win64/tbbmalloc.dll	107008
/mnt/d/SteamLibrary/steamapps/common/nmrih2/Engine/Config/StagedBuild_NMRiH2.ini	3
/mnt/d/SteamLibrary/steamapps/common/nmrih2/Engine/Content/Renderer/TessellationTable.bin	259568
/mnt/d/SteamLibrary/steamapps/common/nmrih2/NMRiH2.exe	3975920
/mnt/d/SteamLibrary/steamapps/common/nmrih2/NMRiH2.ico	208118
/mnt/d/SteamLibrary/steamapps/common/nmrih2/NMRiH2/Binaries/Win64/NMRiH2-Win64-Shipping.exe	184200704
/mnt/d/SteamLibrary/steamapps/common/nmrih2/NMRiH2/Binaries/Win64/PartyWin.dll	4031520
/mnt/d/SteamLibrary/steamapps/common/nmrih2/NMRiH2/Binaries/Win64/tbb12.dll	321024
/mnt/d/SteamLibrary/steamapps/common/nmrih2/NMRiH2/Binaries/Win64/tbbmalloc.dll	107008
/mnt/d/SteamLibrary/steamapps/common/nmrih2/NMRiH2/Content/Paks/global.ucas	3625696
/mnt/d/SteamLibrary/steamapps/common/nmrih2/NMRiH2/Content/Paks/global.utoc	866
/mnt/d/SteamLibrary/steamapps/common/nmrih2/NMRiH2/Content/Paks/pakchunk0-Windows.pak	48940581
/mnt/d/SteamLibrary/steamapps/common/nmrih2/NMRiH2/Content/Paks/pakchunk0-Windows.ucas	1717004128
/mnt/d/SteamLibrary/steamapps/common/nmrih2/NMRiH2/Content/Paks/pakchunk0-Windows.utoc	938053
/mnt/d/SteamLibrary/steamapps/common/nmrih2/NMRiH2/Content/Paks/pakchunk1-Windows.pak	403601
/mnt/d/SteamLibrary/steamapps/common/nmrih2/NMRiH2/Content/Paks/pakchunk1-Windows.ucas	3176923680
/mnt/d/SteamLibrary/steamapps/common/nmrih2/NMRiH2/Content/Paks/pakchunk1-Windows.utoc	1270504
/mnt/d/SteamLibrary/steamapps/common/nmrih2/NMRiH2/Content/Paks/pakchunk10-Windows.pak	3001
/mnt/d/SteamLibrary/steamapps/common/nmrih2/NMRiH2/Content/Paks/pakchunk10-Windows.ucas	2777804960
/mnt/d/SteamLibrary/steamapps/common/nmrih2/NMRiH2/Content/Paks/pakchunk10-Windows.utoc	1251265
/mnt/d/SteamLibrary/steamapps/common/nmrih2/NMRiH2/Content/Paks/pakchunk100-Windows.pak	10006
/mnt/d/SteamLibrary/steamapps/common/nmrih2/NMRiH2/Content/Paks/pakchunk100-Windows.ucas	1827577552
/mnt/d/SteamLibrary/steamapps/common/nmrih2/NMRiH2/Content/Paks/pakchunk100-Windows.utoc	1104146
/mnt/d/SteamLibrary/steamapps/common/nmrih2/NMRiH2/Content/Paks/pakchunk110-Windows.pak	365
/mnt/d/SteamLibrary/steamapps/common/nmrih2/NMRiH2/Content/Paks/pakchunk110-Windows.ucas	1698093520
/mnt/d/SteamLibrary/steamapps/common/nmrih2/NMRiH2/Content/Paks/pakchunk110-Windows.utoc	1827655
/mnt/d/SteamLibrary/steamapps/common/nmrih2/NMRiH2/Content/Paks/pakchunk110_s1-Windows.pak	365
/mnt/d/SteamLibrary/steamapps/common/nmrih2/NMRiH2/Content/Paks/pakchunk110_s1-Windows.ucas	1716697728
/mnt/d/SteamLibrary/steamapps/common/nmrih2/NMRiH2/Content/Paks/pakchunk110_s1-Windows.utoc	837473
/mnt/d/SteamLibrary/steamapps/common/nmrih2/NMRiH2/Content/Paks/pakchunk110_s2-Windows.pak	365
/mnt/d/SteamLibrary/steamapps/common/nmrih2/NMRiH2/Content/Paks/pakchunk110_s2-Windows.ucas	2126938496
/mnt/d/SteamLibrary/steamapps/common/nmrih2/NMRiH2/Content/Paks/pakchunk110_s2-Windows.utoc	1812241
/mnt/d/SteamLibrary/steamapps/common/nmrih2/NMRiH2/Content/Paks/pakchunk110_s3-Windows.pak	365
/mnt/d/SteamLibrary/steamapps/common/nmrih2/NMRiH2/Content/Paks/pakchunk110_s3-Windows.ucas	1431908544
/mnt/d/SteamLibrary/steamapps/common/nmrih2/NMRiH2/Content/Paks/pakchunk110_s3-Windows.utoc	1032586
/mnt/d/SteamLibrary/steamapps/common/nmrih2/NMRiH2/Content/Paks/pakchunk110_s4-Windows.pak	365
/mnt/d/SteamLibrary/steamapps/common/nmrih2/NMRiH2/Content/Paks/pakchunk110_s4-Windows.ucas	1919594304
/mnt/d/SteamLibrary/steamapps/common/nmrih2/NMRiH2/Content/Paks/pakchunk110_s4-Windows.utoc	1021636
/mnt/d/SteamLibrary/steamapps/common/nmrih2/NMRiH2/Content/Paks/pakchunk110_s5-Windows.pak	23006
/mnt/d/SteamLibrary/steamapps/common/nmrih2/NMRiH2/Content/Paks/pakchunk110_s5-Windows.ucas	585462480
/mnt/d/SteamLibrary/steamapps/common/nmrih2/NMRiH2/Content/Paks/pakchunk110_s5-Windows.utoc	639957
/mnt/d/SteamLibrary/steamapps/common/nmrih2/NMRiH2/Content/Paks/pakchunk120-Windows.pak	365
/mnt/d/SteamLibrary/steamapps/common/nmrih2/NMRiH2/Content/Paks/pakchunk120-Windows.ucas	37048224
/mnt/d/SteamLibrary/steamapps/common/nmrih2/NMRiH2/Content/Paks/pakchunk120-Windows.utoc	30166
/mnt/d/SteamLibrary/steamapps/common/nmrih2/NMRiH2/Content/Paks/pakchunk120_s1-Windows.pak	365
/mnt/d/SteamLibrary/steamapps/common/nmrih2/NMRiH2/Content/Paks/pakchunk120_s1-Windows.ucas	26631664
/mnt/d/SteamLibrary/steamapps/common/nmrih2/NMRiH2/Content/Paks/pakchunk120_s1-Windows.utoc	20846
/mnt/d/SteamLibrary/steamapps/common/nmrih2/NMRiH2/Content/Paks/pakchunk120_s2-Windows.pak	365
/mnt/d/SteamLibrary/steamapps/common/nmrih2/NMRiH2/Content/Paks/pakchunk120_s2-Windows.ucas	60116672
/mnt/d/SteamLibrary/steamapps/common/nmrih2/NMRiH2/Content/Paks/pakchunk120_s2-Windows.utoc	37174
/mnt/d/SteamLibrary/steamapps/common/nmrih2/NMRiH2/Content/Paks/pakchunk120_s3-Windows.pak	365
/mnt/d/SteamLibrary/steamapps/common/nmrih2/NMRiH2/Content/Paks/pakchunk120_s3-Windows.ucas	720
/mnt/d/SteamLibrary/steamapps/common/nmrih2/NMRiH2/Content/Paks/pakchunk120_s3-Windows.utoc	445
/mnt/d/SteamLibrary/steamapps/common/nmrih2/NMRiH2/Content/Paks/pakchunk120_s4-Windows.pak	21639
/mnt/d/SteamLibrary/steamapps/common/nmrih2/NMRiH2/Content/Paks/pakchunk120_s4-Windows.ucas	144699808
/mnt/d/SteamLibrary/steamapps/common/nmrih2/NMRiH2/Content/Paks/pakchunk120_s4-Windows.utoc	139011
/mnt/d/SteamLibrary/steamapps/common/nmrih2/NMRiH2/Content/Paks/pakchunk130_s5-Windows.pak	22448
/mnt/d/SteamLibrary/steamapps/common/nmrih2/NMRiH2/Content/Paks/pakchunk130_s5-Windows.ucas	150009728
/mnt/d/SteamLibrary/steamapps/common/nmrih2/NMRiH2/Content/Paks/pakchunk130_s5-Windows.utoc	145687
/mnt/d/SteamLibrary/steamapps/common/nmrih2/NMRiH2/Content/Paks/pakchunk140-Windows.pak	365
/mnt/d/SteamLibrary/steamapps/common/nmrih2/NMRiH2/Content/Paks/pakchunk140-Windows.ucas	276204448
/mnt/d/SteamLibrary/steamapps/common/nmrih2/NMRiH2/Content/Paks/pakchunk140-Windows.utoc	353112
/mnt/d/SteamLibrary/steamapps/common/nmrih2/NMRiH2/Content/Paks/pakchunk140_s1-Windows.pak	365
/mnt/d/SteamLibrary/steamapps/common/nmrih2/NMRiH2/Content/Paks/pakchunk140_s1-Windows.ucas	210036096
/mnt/d/SteamLibrary/steamapps/common/nmrih2/NMRiH2/Content/Paks/pakchunk140_s1-Windows.utoc	157690
/mnt/d/SteamLibrary/steamapps/common/nmrih2/NMRiH2/Content/Paks/pakchunk140_s2-Windows.pak	365
/mnt/d/SteamLibrary/steamapps/common/nmrih2/NMRiH2/Content/Paks/pakchunk140_s2-Windows.ucas	344798320
/mnt/d/SteamLibrary/steamapps/common/nmrih2/NMRiH2/Content/Paks/pakchunk140_s2-Windows.utoc	317103
/mnt/d/SteamLibrary/steamapps/common/nmrih2/NMRiH2/Content/Paks/pakchunk140_s3-Windows.pak	365
/mnt/d/SteamLibrary/steamapps/common/nmrih2/NMRiH2/Content/Paks/pakchunk140_s3-Windows.ucas	129679680
/mnt/d/SteamLibrary/steamapps/common/nmrih2/NMRiH2/Content/Paks/pakchunk140_s3-Windows.utoc	122878
/mnt/d/SteamLibrary/steamapps/common/nmrih2/NMRiH2/Content/Paks/pakchunk140_s4-Windows.pak	365
/mnt/d/SteamLibrary/steamapps/common/nmrih2/NMRiH2/Content/Paks/pakchunk140_s4-Windows.ucas	45480304
/mnt/d/SteamLibrary/steamapps/common/nmrih2/NMRiH2/Content/Paks/pakchunk140_s4-Windows.utoc	99272
/mnt/d/SteamLibrary/steamapps/common/nmrih2/NMRiH2/Content/Paks/pakchunk140_s6-Windows.pak	24755
/mnt/d/SteamLibrary/steamapps/common/nmrih2/NMRiH2/Content/Paks/pakchunk140_s6-Windows.ucas	478480256
/mnt/d/SteamLibrary/steamapps/common/nmrih2/NMRiH2/Content/Paks/pakchunk140_s6-Windows.utoc	424810
/mnt/d/SteamLibrary/steamapps/common/nmrih2/NMRiH2/Content/Paks/pakchunk150-Windows.pak	365
/mnt/d/SteamLibrary/steamapps/common/nmrih2/NMRiH2/Content/Paks/pakchunk150-Windows.ucas	9856
/mnt/d/SteamLibrary/steamapps/common/nmrih2/NMRiH2/Content/Paks/pakchunk150-Windows.utoc	669
/mnt/d/SteamLibrary/steamapps/common/nmrih2/NMRiH2/Content/Paks/pakchunk150_s1-Windows.pak	365
/mnt/d/SteamLibrary/steamapps/common/nmrih2/NMRiH2/Content/Paks/pakchunk150_s1-Windows.ucas	2794224
/mnt/d/SteamLibrary/steamapps/common/nmrih2/NMRiH2/Content/Paks/pakchunk150_s1-Windows.utoc	3489
/mnt/d/SteamLibrary/steamapps/common/nmrih2/NMRiH2/Content/Paks/pakchunk150_s2-Windows.pak	365
/mnt/d/SteamLibrary/steamapps/common/nmrih2/NMRiH2/Content/Paks/pakchunk150_s2-Windows.ucas	1952864
/mnt/d/SteamLibrary/steamapps/common/nmrih2/NMRiH2/Content/Paks/pakchunk150_s2-Windows.utoc	6784
/mnt/d/SteamLibrary/steamapps/common/nmrih2/NMRiH2/Content/Paks/pakchunk150_s3-Windows.pak	365
/mnt/d/SteamLibrary/steamapps/common/nmrih2/NMRiH2/Content/Paks/pakchunk150_s3-Windows.ucas	149056
/mnt/d/SteamLibrary/steamapps/common/nmrih2/NMRiH2/Content/Paks/pakchunk150_s3-Windows.utoc	1365
/mnt/d/SteamLibrary/steamapps/common/nmrih2/NMRiH2/Content/Paks/pakchunk150_s5-Windows.pak	23853
/mnt/d/SteamLibrary/steamapps/common/nmrih2/NMRiH2/Content/Paks/pakchunk150_s5-Windows.ucas	160136672
/mnt/d/SteamLibrary/steamapps/common/nmrih2/NMRiH2/Content/Paks/pakchunk150_s5-Windows.utoc	159199
/mnt/d/SteamLibrary/steamapps/common/nmrih2/NMRiH2/Content/Paks/pakchunk160-Windows.pak	365
/mnt/d/SteamLibrary/steamapps/common/nmrih2/NMRiH2/Content/Paks/pakchunk160-Windows.ucas	20496400
/mnt/d/SteamLibrary/steamapps/common/nmrih2/NMRiH2/Content/Paks/pakchunk160-Windows.utoc	70189
/mnt/d/SteamLibrary/steamapps/common/nmrih2/NMRiH2/Content/Paks/pakchunk160_s1-Windows.pak	365
/mnt/d/SteamLibrary/steamapps/common/nmrih2/NMRiH2/Content/Paks/pakchunk160_s1-Windows.ucas	24519904
/mnt/d/SteamLibrary/steamapps/common/nmrih2/NMRiH2/Content/Paks/pakchunk160_s1-Windows.utoc	23897
/mnt/d/SteamLibrary/steamapps/common/nmrih2/NMRiH2/Content/Paks/pakchunk160_s2-Windows.pak	365
/mnt/d/SteamLibrary/steamapps/common/nmrih2/NMRiH2/Content/Paks/pakchunk160_s2-Windows.ucas	33461664
/mnt/d/SteamLibrary/steamapps/common/nmrih2/NMRiH2/Content/Paks/pakchunk160_s2-Windows.utoc	42180
/mnt/d/SteamLibrary/steamapps/common/nmrih2/NMRiH2/Content/Paks/pakchunk160_s3-Windows.pak	365
/mnt/d/SteamLibrary/steamapps/common/nmrih2/NMRiH2/Content/Paks/pakchunk160_s3-Windows.ucas	68254320
/mnt/d/SteamLibrary/steamapps/common/nmrih2/NMRiH2/Content/Paks/pakchunk160_s3-Windows.utoc	43628
/mnt/d/SteamLibrary/steamapps/common/nmrih2/NMRiH2/Content/Paks/pakchunk160_s4-Windows.pak	365
/mnt/d/SteamLibrary/steamapps/common/nmrih2/NMRiH2/Content/Paks/pakchunk160_s4-Windows.ucas	47030736
/mnt/d/SteamLibrary/steamapps/common/nmrih2/NMRiH2/Content/Paks/pakchunk160_s4-Windows.utoc	99292
/mnt/d/SteamLibrary/steamapps/common/nmrih2/NMRiH2/Content/Paks/pakchunk160_s6-Windows.pak	25414
/mnt/d/SteamLibrary/steamapps/common/nmrih2/NMRiH2/Content/Paks/pakchunk160_s6-Windows.ucas	179864960
/mnt/d/SteamLibrary/steamapps/common/nmrih2/NMRiH2/Content/Paks/pakchunk160_s6-Windows.utoc	179029
/mnt/d/SteamLibrary/steamapps/common/nmrih2/NMRiH2/Content/Paks/pakchunk170-Windows.pak	365
/mnt/d/SteamLibrary/steamapps/common/nmrih2/NMRiH2/Content/Paks/pakchunk170-Windows.ucas	11595904
/mnt/d/SteamLibrary/steamapps/common/nmrih2/NMRiH2/Content/Paks/pakchunk170-Windows.utoc	33014
/mnt/d/SteamLibrary/steamapps/common/nmrih2/NMRiH2/Content/Paks/pakchunk170_s1-Windows.pak	365
/mnt/d/SteamLibrary/steamapps/common/nmrih2/NMRiH2/Content/Paks/pakchunk170_s1-Windows.ucas	63386608
/mnt/d/SteamLibrary/steamapps/common/nmrih2/NMRiH2/Content/Paks/pakchunk170_s1-Windows.utoc	24442
/mnt/d/SteamLibrary/steamapps/common/nmrih2/NMRiH2/Content/Paks/pakchunk170_s2-Windows.pak	365
/mnt/d/SteamLibrary/steamapps/common/nmrih2/NMRiH2/Content/Paks/pakchunk170_s2-Windows.ucas	19710672
/mnt/d/SteamLibrary/steamapps/common/nmrih2/NMRiH2/Content/Paks/pakchunk170_s2-Windows.utoc	11041
/mnt/d/SteamLibrary/steamapps/common/nmrih2/NMRiH2/Content/Paks/pakchunk170_s3-Windows.pak	365
/mnt/d/SteamLibrary/steamapps/common/nmrih2/NMRiH2/Content/Paks/pakchunk170_s3-Windows.ucas	15117808
/mnt/d/SteamLibrary/steamapps/common/nmrih2/NMRiH2/Content/Paks/pakchunk170_s3-Windows.utoc	13252
/mnt/d/SteamLibrary/steamapps/common/nmrih2/NMRiH2/Content/Paks/pakchunk170_s4-Windows.pak	365
/mnt/d/SteamLibrary/steamapps/common/nmrih2/NMRiH2/Content/Paks/pakchunk170_s4-Windows.ucas	22530896
/mnt/d/SteamLibrary/steamapps/common/nmrih2/NMRiH2/Content/Paks/pakchunk170_s4-Windows.utoc	26402
/mnt/d/SteamLibrary/steamapps/common/nmrih2/NMRiH2/Content/Paks/pakchunk170_s6-Windows.pak	24842
/mnt/d/SteamLibrary/steamapps/common/nmrih2/NMRiH2/Content/Paks/pakchunk170_s6-Windows.ucas	169757216
/mnt/d/SteamLibrary/steamapps/common/nmrih2/NMRiH2/Content/Paks/pakchunk170_s6-Windows.utoc	170505
/mnt/d/SteamLibrary/steamapps/common/nmrih2/NMRiH2/Content/Paks/pakchunk180-Windows.pak	365
/mnt/d/SteamLibrary/steamapps/common/nmrih2/NMRiH2/Content/Paks/pakchunk180-Windows.ucas	4736624
/mnt/d/SteamLibrary/steamapps/common/nmrih2/NMRiH2/Content/Paks/pakchunk180-Windows.utoc	6877
/mnt/d/SteamLibrary/steamapps/common/nmrih2/NMRiH2/Content/Paks/pakchunk180_s1-Windows.pak	365
/mnt/d/SteamLibrary/steamapps/common/nmrih2/NMRiH2/Content/Paks/pakchunk180_s1-Windows.ucas	3307232
/mnt/d/SteamLibrary/steamapps/common/nmrih2/NMRiH2/Content/Paks/pakchunk180_s1-Windows.utoc	3605
/mnt/d/SteamLibrary/steamapps/common/nmrih2/NMRiH2/Content/Paks/pakchunk180_s2-Windows.pak	365
/mnt/d/SteamLibrary/steamapps/common/nmrih2/NMRiH2/Content/Paks/pakchunk180_s2-Windows.ucas	888384
/mnt/d/SteamLibrary/steamapps/common/nmrih2/NMRiH2/Content/Paks/pakchunk180_s2-Windows.utoc	3047
/mnt/d/SteamLibrary/steamapps/common/nmrih2/NMRiH2/Content/Paks/pakchunk180_s3-Windows.pak	365
/mnt/d/SteamLibrary/steamapps/common/nmrih2/NMRiH2/Content/Paks/pakchunk180_s3-Windows.ucas	192208
/mnt/d/SteamLibrary/steamapps/common/nmrih2/NMRiH2/Content/Paks/pakchunk180_s3-Windows.utoc	1223
/mnt/d/SteamLibrary/steamapps/common/nmrih2/NMRiH2/Content/Paks/pakchunk180_s4-Windows.pak	365
/mnt/d/SteamLibrary/steamapps/common/nmrih2/NMRiH2/Content/Paks/pakchunk180_s4-Windows.ucas	171461312
/mnt/d/SteamLibrary/steamapps/common/nmrih2/NMRiH2/Content/Paks/pakchunk180_s4-Windows.utoc	75142
/mnt/d/SteamLibrary/steamapps/common/nmrih2/NMRiH2/Content/Paks/pakchunk180_s6-Windows.pak	24330
/mnt/d/SteamLibrary/steamapps/common/nmrih2/NMRiH2/Content/Paks/pakchunk180_s6-Windows.ucas	168017408
/mnt/d/SteamLibrary/steamapps/common/nmrih2/NMRiH2/Content/Paks/pakchunk180_s6-Windows.utoc	164479
/mnt/d/SteamLibrary/steamapps/common/nmrih2/NMRiH2/Content/Paks/pakchunk20-Windows.pak	6535
/mnt/d/SteamLibrary/steamapps/common/nmrih2/NMRiH2/Content/Paks/pakchunk20-Windows.ucas	1817974592
/mnt/d/SteamLibrary/steamapps/common/nmrih2/NMRiH2/Content/Paks/pakchunk20-Windows.utoc	1930990
/mnt/d/SteamLibrary/steamapps/common/nmrih2/NMRiH2/Content/Splash/Splash.bmp	1719954
/mnt/d/SteamLibrary/steamapps/common/nmrih2/installscript.vdf	711
